<?xml version="1.0"?>
<!DOCTYPE service-builder PUBLIC "-//Liferay//DTD Service Builder 7.2.0//EN" "http://www.liferay.com/dtd/liferay-service-builder_7_2_0.dtd">

<service-builder dependency-injector="ds" package-path="com.liferay.training.employee">
    <author>devendra</author>
	<!--<entity data-source="sampleDataSource" local-service="true" name="Foo" remote-service="false" session-factory="sampleSessionFactory" table="foo" tx-manager="sampleTransactionManager uuid="true"">-->
    <namespace>Employee</namespace>
	<entity name="Employee" local-service="true" remote-service="true" uuid="true" >

		<!-- PK fields -->

		<column name="employeeId" primary="true" type="long" />

		<!-- Group instance -->

		<column name="groupId" type="long" />

		<!-- Audit fields -->

		<column name="companyId" type="long" />
		<column name="userId" type="long" />
		<column name="userName" type="String" />
		<column name="createDate" type="Date" />
		<column name="modifiedDate" type="Date" />

		<!-- Other fields -->

		<column name="employeeName" type="String" localized="true" />
		<column name="gender" type="String" localized="true" />
		<column name="designation" type="String" localized="true" />
		<column name="description" type="String" localized="true" />
		<column name="joiningDate" type="Date" />
		

		<!-- Order -->

		<order by="asc">
			<order-column name="employeeName" />
		</order>

		<!-- Finder methods -->

		<finder name="GroupId" return-type="Collection">
			<finder-column name="groupId" />
		</finder>
		
		<!-- Reference to Group entity service -->
		<reference entity="Group" package-path="com.liferay.portal"></reference>

		<!-- References -->

		<reference entity="AssetEntry" package-path="com.liferay.portlet.asset" />
		<reference entity="AssetLink" package-path="com.liferay.portlet.asset"></reference>
		<reference entity="AssetTag" package-path="com.liferay.portlet.asset" />
	</entity>
	<exceptions>
		<exception>EmployeeValidation</exception>
	</exceptions>
</service-builder>