<?xml version="1.0"?>
<!DOCTYPE resource-action-mapping 
	PUBLIC "-//Liferay//DTD Resource Action Mapping 7.2.0//EN" 
	"http://www.liferay.com/dtd/liferay-resource-action-mapping_7_2_0.dtd">
	
<resource-action-mapping>
	<model-resource>
		<model-name>com.liferay.training.employee.model</model-name>
		<portlet-ref>
			<portlet-name>com_liferay_training_employee_web_EmployeeWebPortlet</portlet-name>
		</portlet-ref>
    	<root>true</root>
    	<permissions>
			<supports>
				<action-key>ADD_ENTRY</action-key>
				<action-key>PERMISSIONS</action-key>
			</supports>
			<site-member-defaults />
			<guest-defaults />
			<guest-unsupported>
				<action-key>ADD_ENTRY</action-key>
				<action-key>PERMISSIONS</action-key>
			</guest-unsupported>
		</permissions>
	</model-resource>
	<model-resource>
		<model-name>com.liferay.training.employee.model.Employee</model-name>
		<portlet-ref>
			<portlet-name>com_liferay_training_employee_web_EmployeeWebPortlet</portlet-name>
		</portlet-ref>
		<permissions>
			<supports>
				<action-key>DELETE</action-key>
				<action-key>PERMISSIONS</action-key>
				<action-key>UPDATE</action-key>
				<action-key>VIEW</action-key>
				<action-key>ADD_EMPLOYEE</action-key>
				<action-key>EDIT_EMPLOYEE</action-key>
				<action-key>DELETE_EMPLOYEE</action-key>
				<action-key>VIEW_EMPLOYEES</action-key>
			</supports>
			<site-member-defaults>
				<action-key>VIEW</action-key>
				<action-key>ADD_EMPLOYEE</action-key>
			</site-member-defaults>
			<guest-defaults>
				<action-key>VIEW</action-key>
			</guest-defaults>
			<guest-unsupported>
				<action-key>DELETE</action-key>
				<action-key>PERMISSIONS</action-key>			
				<action-key>UPDATE</action-key>
				<action-key>ADD_EMPLOYEE</action-key>
				<action-key>DELETE_EMPLOYEE</action-key>
				<action-key>EDIT_EMPLOYEE</action-key>
				<action-key>VIEW_EMPLOYEES</action-key>
			</guest-unsupported>
		</permissions>
	</model-resource>
</resource-action-mapping>