<?xml version="1.0"?>
<!DOCTYPE service-builder PUBLIC "-//Liferay//DTD Service Builder 7.2.0//EN" "http://www.liferay.com/dtd/liferay-service-builder_7_2_0.dtd">

<service-builder dependency-injector="ds" package-path="com.liferay.training.gradebook">
    <author>hgrahul</author>
	<namespace>Gradebook</namespace>
	<!--<entity data-source="sampleDataSource" local-service="true" name="Foo" remote-service="false" session-factory="sampleSessionFactory" table="foo" tx-manager="sampleTransactionManager uuid="true"">-->
	<entity name="Assignment" local-service="true" uuid="true" remote-service="true">
		<!-- PK fields -->
		<column name="assignmentId" primary="true" type="long"></column>

		<!-- Group instance -->
		<column name="groupId" type="long"></column>

		<!-- Audit fields -->
		<column name="companyId" type="long"></column>
		<column name="userId" type="long"></column>
		<column name="userName" type="String"></column>
		<column name="createDate" type="Date"></column>
		<column name="modifiedDate" type="Date"></column>
		
		<column name="title" type="String" localized="true" />
		<column name="description" type="String" localized="true" />
		<column name="dueDate" type="Date" />
		
		<!-- Order -->
		<order by="asc">
			<order-column name="title" />
		</order>
		
		<!-- Finders -->
		<!-- Find by groupId -->
		<finder name="GroupId" return-type="Collection">
			<finder-column name="groupId"></finder-column>
		</finder>
		
		<!-- Reference to Group entity service -->
		<reference entity="Group" package-path="com.liferay.portal"></reference>

		<!-- Entity services needed for the integration to Asset framework -->
		<reference entity="AssetEntry" package-path="com.liferay.portlet.asset"></reference>
		<reference entity="AssetLink" package-path="com.liferay.portlet.asset"></reference>
		<reference entity="AssetTag" package-path="com.liferay.portlet.asset"></reference>
		
	</entity>
	<entity name="Submission" local-service="true" remote-service="true">
		<!-- PK fields -->
		<column name="submissionId" primary="true" type="long"></column>

		<!-- Group instance -->
		<column name="groupId" type="long"></column>

		<!-- Audit fields -->
		<column name="companyId" type="long"></column>
		<column name="userId" type="long"></column>
		<column name="userName" type="String"></column>
		<column name="createDate" type="Date"></column>
		<column name="modifiedDate" type="Date"></column>
		
        <column name="assignmentId" type="long"></column>
		<column name="studentId" type="long"/>
		<column name="submitDate" type="Date"/>
		<column name="submissionText" type="String" />
		<column name="comment" type="String"/>
		<column name="grade" type="int"/>
		
        <finder name="GroupId" return-type="Collection">
            <finder-column name="groupId"></finder-column>
        </finder>
        <finder name="G_A" return-type="Collection">
            <finder-column name="groupId"></finder-column>
            <finder-column name="assignmentId"></finder-column>
        </finder>
        <finder name="StudentId" return-type="Collection">
            <finder-column name="studentId"></finder-column>
        </finder>
        <finder name="StudentIdAssignmentId" return-type="Collection">
            <finder-column name="studentId"></finder-column>
            <finder-column name="assignmentId"></finder-column>
        </finder>
		
		<!-- References -->
		<reference package-path="com.liferay.portlet.asset" entity="AssetEntry" />
		<reference package-path="com.liferay.portlet.asset" entity="AssetTag" />
	</entity>
	<exceptions>
		<exception>AssignmentValidation</exception>
		<exception>SubmissionValidation</exception>
	</exceptions>
</service-builder>