<?xml version="1.0"?>

<model-hints>
	<model name="com.liferay.training.employee.model.Employee">
		<field name="uuid" type="String" />
		<field name="employeeId" type="long" />
		<field name="groupId" type="long" />
		<field name="companyId" type="long" />
		<field name="userId" type="long" />
		<field name="userName" type="String" />
		<field name="createDate" type="Date" />
		<field name="modifiedDate" type="Date" />
		<field localized="true" name="employeeName" type="String" />
		<field localized="true" name="gender" type="String" />
		<field localized="true" name="designation" type="String" />
		<field localized="true" name="description" type="String" />
		<field name="joiningDate" type="Date" />
	</model>
</model-hints>